fact_id,directed_edge_id,osm_sumo_id,road_name,direction,evidence_kind,mapping_status,exact_start,exact_end
R1,osm:edge:1309809289_0:6325dc90,1309809289#0,Mannerheimintie,southbound,announced,MACHINE_CANDIDATE_REQUIRES_HUMAN_REVIEW,unknown,unknown
R1,osm:edge:1309809289_1:fcb9e515,1309809289#1,Mannerheimintie,southbound,announced,MACHINE_CANDIDATE_REQUIRES_HUMAN_REVIEW,unknown,unknown
R1,osm:edge:1309809289_2:735c39b3,1309809289#2,Mannerheimintie,southbound,announced,MACHINE_CANDIDATE_REQUIRES_HUMAN_REVIEW,unknown,unknown
R1,osm:edge:1309809290:c5cf08ab,1309809290,Mannerheimintie,southbound,announced,MACHINE_CANDIDATE_REQUIRES_HUMAN_REVIEW,unknown,unknown
R1,osm:edge:1312033905:8b7701e4,1312033905,Mannerheimintie,southbound,announced,MACHINE_CANDIDATE_REQUIRES_HUMAN_REVIEW,unknown,unknown
R1,osm:edge:1433225572_0:4035c667,1433225572#0,Mannerheimintie,southbound,announced,MACHINE_CANDIDATE_REQUIRES_HUMAN_REVIEW,unknown,unknown
R1,osm:edge:1433225572_1:34a0afc4,1433225572#1,Mannerheimintie,southbound,announced,MACHINE_CANDIDATE_REQUIRES_HUMAN_REVIEW,unknown,unknown
R1,osm:edge:1433225575:16f0bcc7,1433225575,Mannerheimintie,southbound,announced,MACHINE_CANDIDATE_REQUIRES_HUMAN_REVIEW,unknown,unknown
R1,osm:edge:1433225579:f914d371,1433225579,Mannerheimintie,southbound,announced,MACHINE_CANDIDATE_REQUIRES_HUMAN_REVIEW,unknown,unknown
R1,osm:edge:1433225580:6fb85667,1433225580,Mannerheimintie,southbound,announced,MACHINE_CANDIDATE_REQUIRES_HUMAN_REVIEW,unknown,unknown
R1,osm:edge:23025074_0:7dece970,23025074#0,Mannerheimintie,southbound,announced,MACHINE_CANDIDATE_REQUIRES_HUMAN_REVIEW,unknown,unknown
R1,osm:edge:23025074_1:702a1035,23025074#1,Mannerheimintie,southbound,announced,MACHINE_CANDIDATE_REQUIRES_HUMAN_REVIEW,unknown,unknown
R1,osm:edge:23025074_2:63ab8a4c,23025074#2,Mannerheimintie,southbound,announced,MACHINE_CANDIDATE_REQUIRES_HUMAN_REVIEW,unknown,unknown
R1,osm:edge:240859297_1:3b6e6af7,240859297#1,Mannerheimintie,southbound,announced,MACHINE_CANDIDATE_REQUIRES_HUMAN_REVIEW,unknown,unknown
R1,osm:edge:257670066_0:8574666a,257670066#0,Mannerheimintie,southbound,announced,MACHINE_CANDIDATE_REQUIRES_HUMAN_REVIEW,unknown,unknown
R1,osm:edge:257670066_1:69dc9594,257670066#1,Mannerheimintie,southbound,announced,MACHINE_CANDIDATE_REQUIRES_HUMAN_REVIEW,unknown,unknown
R1,osm:edge:29507724_0:8dab72be,29507724#0,Mannerheimintie,southbound,announced,MACHINE_CANDIDATE_REQUIRES_HUMAN_REVIEW,unknown,unknown
R1,osm:edge:29507724_1:68ff7501,29507724#1,Mannerheimintie,southbound,announced,MACHINE_CANDIDATE_REQUIRES_HUMAN_REVIEW,unknown,unknown
R1,osm:edge:29507724_2:a9ff66b8,29507724#2,Mannerheimintie,southbound,announced,MACHINE_CANDIDATE_REQUIRES_HUMAN_REVIEW,unknown,unknown
R1,osm:edge:29507724_3:42678283,29507724#3,Mannerheimintie,southbound,announced,MACHINE_CANDIDATE_REQUIRES_HUMAN_REVIEW,unknown,unknown
R1,osm:edge:29722947:9fd4daf1,29722947,Mannerheimintie,southbound,announced,MACHINE_CANDIDATE_REQUIRES_HUMAN_REVIEW,unknown,unknown
R1,osm:edge:30259622_1:0a4c3112,30259622#1,Mannerheimintie,southbound,announced,MACHINE_CANDIDATE_REQUIRES_HUMAN_REVIEW,unknown,unknown
R1,osm:edge:30263045_0:14dfebb5,30263045#0,Mannerheimintie,southbound,announced,MACHINE_CANDIDATE_REQUIRES_HUMAN_REVIEW,unknown,unknown
R1,osm:edge:30263045_1:d8489f7b,30263045#1,Mannerheimintie,southbound,announced,MACHINE_CANDIDATE_REQUIRES_HUMAN_REVIEW,unknown,unknown
R1,osm:edge:30263045_2:8fe6f539,30263045#2,Mannerheimintie,southbound,announced,MACHINE_CANDIDATE_REQUIRES_HUMAN_REVIEW,unknown,unknown
R1,osm:edge:30287602:065a3eea,30287602,Mannerheimintie,southbound,announced,MACHINE_CANDIDATE_REQUIRES_HUMAN_REVIEW,unknown,unknown
R1,osm:edge:30287647_0:ee30a91c,30287647#0,Mannerheimintie,southbound,announced,MACHINE_CANDIDATE_REQUIRES_HUMAN_REVIEW,unknown,unknown
R1,osm:edge:30287647_1:e699cbc5,30287647#1,Mannerheimintie,southbound,announced,MACHINE_CANDIDATE_REQUIRES_HUMAN_REVIEW,unknown,unknown
R1,osm:edge:35868996:e8973dc0,35868996,Mannerheimintie,southbound,announced,MACHINE_CANDIDATE_REQUIRES_HUMAN_REVIEW,unknown,unknown
R1,osm:edge:79475796:099eb80c,79475796,Mannerheimintie,southbound,announced,MACHINE_CANDIDATE_REQUIRES_HUMAN_REVIEW,unknown,unknown
R2,osm:edge:1041931968:91131be7,1041931968,Helsinginkatu,both directions assumed,announced,MACHINE_CANDIDATE_REQUIRES_HUMAN_REVIEW,unknown,unknown
R2,osm:edge:1182963778_0:73cd93f2,1182963778#0,Helsinginkatu,both directions assumed,announced,MACHINE_CANDIDATE_REQUIRES_HUMAN_REVIEW,unknown,unknown
R2,osm:edge:138327942_0:0d0cf5ab,138327942#0,Helsinginkatu,both directions assumed,announced,MACHINE_CANDIDATE_REQUIRES_HUMAN_REVIEW,unknown,unknown
R2,osm:edge:15242734:5278937c,15242734,Helsinginkatu,both directions assumed,announced,MACHINE_CANDIDATE_REQUIRES_HUMAN_REVIEW,unknown,unknown
R2,osm:edge:15242735_0:fd9604bd,15242735#0,Helsinginkatu,both directions assumed,announced,MACHINE_CANDIDATE_REQUIRES_HUMAN_REVIEW,unknown,unknown
R2,osm:edge:15242735_1:00b47ead,15242735#1,Helsinginkatu,both directions assumed,announced,MACHINE_CANDIDATE_REQUIRES_HUMAN_REVIEW,unknown,unknown
R2,osm:edge:194541877_1:65bc4cfe,194541877#1,Helsinginkatu,both directions assumed,announced,MACHINE_CANDIDATE_REQUIRES_HUMAN_REVIEW,unknown,unknown
R2,osm:edge:232826533:636fb759,232826533,Helsinginkatu,both directions assumed,announced,MACHINE_CANDIDATE_REQUIRES_HUMAN_REVIEW,unknown,unknown
R2,osm:edge:24662114_0:d1aeaeee,24662114#0,Helsinginkatu,both directions assumed,announced,MACHINE_CANDIDATE_REQUIRES_HUMAN_REVIEW,unknown,unknown
R2,osm:edge:24662114_1:3d84634c,24662114#1,Helsinginkatu,both directions assumed,announced,MACHINE_CANDIDATE_REQUIRES_HUMAN_REVIEW,unknown,unknown
R2,osm:edge:24662115_0:ddd6cedb,24662115#0,Helsinginkatu,both directions assumed,announced,MACHINE_CANDIDATE_REQUIRES_HUMAN_REVIEW,unknown,unknown
R2,osm:edge:24662115_1:88463365,24662115#1,Helsinginkatu,both directions assumed,announced,MACHINE_CANDIDATE_REQUIRES_HUMAN_REVIEW,unknown,unknown
R2,osm:edge:24662116:044674b7,24662116,Helsinginkatu,both directions assumed,announced,MACHINE_CANDIDATE_REQUIRES_HUMAN_REVIEW,unknown,unknown
R2,osm:edge:24662142_1:f6598d99,24662142#1,Helsinginkatu,both directions assumed,announced,MACHINE_CANDIDATE_REQUIRES_HUMAN_REVIEW,unknown,unknown
R2,osm:edge:24662142_2:2a368e74,24662142#2,Helsinginkatu,both directions assumed,announced,MACHINE_CANDIDATE_REQUIRES_HUMAN_REVIEW,unknown,unknown
R2,osm:edge:268334019:aca021d9,268334019,Helsinginkatu,both directions assumed,announced,MACHINE_CANDIDATE_REQUIRES_HUMAN_REVIEW,unknown,unknown
R2,osm:edge:286681486_0:05d265f1,286681486#0,Helsinginkatu,both directions assumed,announced,MACHINE_CANDIDATE_REQUIRES_HUMAN_REVIEW,unknown,unknown
R2,osm:edge:286681486_1:b7a40344,286681486#1,Helsinginkatu,both directions assumed,announced,MACHINE_CANDIDATE_REQUIRES_HUMAN_REVIEW,unknown,unknown
R2,osm:edge:287399249_1:39ebce46,287399249#1,Helsinginkatu,both directions assumed,announced,MACHINE_CANDIDATE_REQUIRES_HUMAN_REVIEW,unknown,unknown
R2,osm:edge:287399249_2:4a0298b5,287399249#2,Helsinginkatu,both directions assumed,announced,MACHINE_CANDIDATE_REQUIRES_HUMAN_REVIEW,unknown,unknown
R2,osm:edge:30258924_0:99b4a4a2,30258924#0,Helsinginkatu,both directions assumed,announced,MACHINE_CANDIDATE_REQUIRES_HUMAN_REVIEW,unknown,unknown
R2,osm:edge:30258924_1:ee2d30a9,30258924#1,Helsinginkatu,both directions assumed,announced,MACHINE_CANDIDATE_REQUIRES_HUMAN_REVIEW,unknown,unknown
R2,osm:edge:30258926:55aedc65,30258926,Helsinginkatu,both directions assumed,announced,MACHINE_CANDIDATE_REQUIRES_HUMAN_REVIEW,unknown,unknown
R2,osm:edge:30259444_0:400b8ef4,30259444#0,Helsinginkatu,both directions assumed,announced,MACHINE_CANDIDATE_REQUIRES_HUMAN_REVIEW,unknown,unknown
R2,osm:edge:30259444_1:bb28d1c1,30259444#1,Helsinginkatu,both directions assumed,announced,MACHINE_CANDIDATE_REQUIRES_HUMAN_REVIEW,unknown,unknown
R2,osm:edge:30259444_2:38907c4a,30259444#2,Helsinginkatu,both directions assumed,announced,MACHINE_CANDIDATE_REQUIRES_HUMAN_REVIEW,unknown,unknown
R2,osm:edge:30259446:f61ddc18,30259446,Helsinginkatu,both directions assumed,announced,MACHINE_CANDIDATE_REQUIRES_HUMAN_REVIEW,unknown,unknown
R2,osm:edge:30259447:ed2e7974,30259447,Helsinginkatu,both directions assumed,announced,MACHINE_CANDIDATE_REQUIRES_HUMAN_REVIEW,unknown,unknown
R2,osm:edge:30259448_0:3c5dbfd6,30259448#0,Helsinginkatu,both directions assumed,announced,MACHINE_CANDIDATE_REQUIRES_HUMAN_REVIEW,unknown,unknown
R2,osm:edge:30284759_0:b936771e,30284759#0,Helsinginkatu,both directions assumed,announced,MACHINE_CANDIDATE_REQUIRES_HUMAN_REVIEW,unknown,unknown
R2,osm:edge:30284759_1:99237c7b,30284759#1,Helsinginkatu,both directions assumed,announced,MACHINE_CANDIDATE_REQUIRES_HUMAN_REVIEW,unknown,unknown
R2,osm:edge:30472577_0:b7751117,30472577#0,Helsinginkatu,both directions assumed,announced,MACHINE_CANDIDATE_REQUIRES_HUMAN_REVIEW,unknown,unknown
R2,osm:edge:30472577_2:28feae41,30472577#2,Helsinginkatu,both directions assumed,announced,MACHINE_CANDIDATE_REQUIRES_HUMAN_REVIEW,unknown,unknown
R2,osm:edge:4252370:e59006cb,4252370,Helsinginkatu,both directions assumed,announced,MACHINE_CANDIDATE_REQUIRES_HUMAN_REVIEW,unknown,unknown
R2,osm:edge:52915322:4af12246,52915322,Helsinginkatu,both directions assumed,announced,MACHINE_CANDIDATE_REQUIRES_HUMAN_REVIEW,unknown,unknown
R2,osm:edge:58125307_0:93dd297e,58125307#0,Helsinginkatu,both directions assumed,announced,MACHINE_CANDIDATE_REQUIRES_HUMAN_REVIEW,unknown,unknown
R2,osm:edge:58125307_1:497111df,58125307#1,Helsinginkatu,both directions assumed,announced,MACHINE_CANDIDATE_REQUIRES_HUMAN_REVIEW,unknown,unknown
R2,osm:edge:58125320_1:7b776e52,58125320#1,Helsinginkatu,both directions assumed,announced,MACHINE_CANDIDATE_REQUIRES_HUMAN_REVIEW,unknown,unknown
R2,osm:edge:606094335_1:7258e5c2,606094335#1,Helsinginkatu,both directions assumed,announced,MACHINE_CANDIDATE_REQUIRES_HUMAN_REVIEW,unknown,unknown
R2,osm:edge:606094335_2:d0cb97f2,606094335#2,Helsinginkatu,both directions assumed,announced,MACHINE_CANDIDATE_REQUIRES_HUMAN_REVIEW,unknown,unknown
R2,osm:edge:606094335_3:1340c921,606094335#3,Helsinginkatu,both directions assumed,announced,MACHINE_CANDIDATE_REQUIRES_HUMAN_REVIEW,unknown,unknown
R3,osm:edge:-84667269_0:aeb0c586,-84667269#0,Mäntymäentie,both directions assumed,announced,MACHINE_CANDIDATE_REQUIRES_HUMAN_REVIEW,unknown,unknown
R3,osm:edge:-84667269_1:10b68b73,-84667269#1,Mäntymäentie,both directions assumed,announced,MACHINE_CANDIDATE_REQUIRES_HUMAN_REVIEW,unknown,unknown
R3,osm:edge:-84667270_1:6f8ef5a1,-84667270#1,Mäntymäentie,both directions assumed,announced,MACHINE_CANDIDATE_REQUIRES_HUMAN_REVIEW,unknown,unknown
R3,osm:edge:-84667270_3:c2890add,-84667270#3,Mäntymäentie,both directions assumed,announced,MACHINE_CANDIDATE_REQUIRES_HUMAN_REVIEW,unknown,unknown
R3,osm:edge:-84667273_0:31949d44,-84667273#0,Mäntymäentie,both directions assumed,announced,MACHINE_CANDIDATE_REQUIRES_HUMAN_REVIEW,unknown,unknown
R3,osm:edge:138324247:77eee712,138324247,Mäntymäentie,both directions assumed,announced,MACHINE_CANDIDATE_REQUIRES_HUMAN_REVIEW,unknown,unknown
R3,osm:edge:232826537:db36fd47,232826537,Mäntymäentie,both directions assumed,announced,MACHINE_CANDIDATE_REQUIRES_HUMAN_REVIEW,unknown,unknown
R3,osm:edge:301192516_0:2762e34e,301192516#0,Mäntymäentie,both directions assumed,announced,MACHINE_CANDIDATE_REQUIRES_HUMAN_REVIEW,unknown,unknown
R3,osm:edge:301192516_1:9e64903c,301192516#1,Mäntymäentie,both directions assumed,announced,MACHINE_CANDIDATE_REQUIRES_HUMAN_REVIEW,unknown,unknown
R3,osm:edge:301192516_2:f2a96952,301192516#2,Mäntymäentie,both directions assumed,announced,MACHINE_CANDIDATE_REQUIRES_HUMAN_REVIEW,unknown,unknown
R3,osm:edge:301192516_3:fcdb1ea7,301192516#3,Mäntymäentie,both directions assumed,announced,MACHINE_CANDIDATE_REQUIRES_HUMAN_REVIEW,unknown,unknown
R3,osm:edge:30258927:da213678,30258927,Mäntymäentie,both directions assumed,announced,MACHINE_CANDIDATE_REQUIRES_HUMAN_REVIEW,unknown,unknown
R3,osm:edge:332167631_0:586e2428,332167631#0,Mäntymäentie,both directions assumed,announced,MACHINE_CANDIDATE_REQUIRES_HUMAN_REVIEW,unknown,unknown
R3,osm:edge:332167631_1:94cc72e1,332167631#1,Mäntymäentie,both directions assumed,announced,MACHINE_CANDIDATE_REQUIRES_HUMAN_REVIEW,unknown,unknown
R3,osm:edge:332167631_2:d8956c36,332167631#2,Mäntymäentie,both directions assumed,announced,MACHINE_CANDIDATE_REQUIRES_HUMAN_REVIEW,unknown,unknown
R3,osm:edge:43735131:d34c2f63,43735131,Mäntymäentie,both directions assumed,announced,MACHINE_CANDIDATE_REQUIRES_HUMAN_REVIEW,unknown,unknown
R3,osm:edge:84667269_1:844c20b9,84667269#1,Mäntymäentie,both directions assumed,announced,MACHINE_CANDIDATE_REQUIRES_HUMAN_REVIEW,unknown,unknown
R3,osm:edge:84667270_2:dd777d88,84667270#2,Mäntymäentie,both directions assumed,announced,MACHINE_CANDIDATE_REQUIRES_HUMAN_REVIEW,unknown,unknown
R3,osm:edge:84667270_4:5529810f,84667270#4,Mäntymäentie,both directions assumed,announced,MACHINE_CANDIDATE_REQUIRES_HUMAN_REVIEW,unknown,unknown
R3,osm:edge:84667273_1:adb07055,84667273#1,Mäntymäentie,both directions assumed,announced,MACHINE_CANDIDATE_REQUIRES_HUMAN_REVIEW,unknown,unknown
F1,osm:edge:-442599097_2:19be261d,-442599097#2,Leonkatu,illustrative directed edge assumption,assumed,MACHINE_CANDIDATE_REQUIRES_HUMAN_REVIEW,unknown,unknown
