case_id,group,split,variant,status,physical_hash,latency_s,candidate_count,positive_count,recall_at_10,recall_at_20,physical_cache_hit
eval-dual_corridor-0,dual_corridor,train,A0,PASS,9af421604fc7c07532e0af79b46888baeae5ecb9a307b45a658035e7c3374949,0.008920666994526982,23,1,1.0,1.0,False
eval-dual_corridor-0,dual_corridor,train,A1,PASS,9af421604fc7c07532e0af79b46888baeae5ecb9a307b45a658035e7c3374949,0.00390679101110436,23,1,1.0,1.0,True
eval-dual_corridor-0,dual_corridor,train,A2,PASS,9af421604fc7c07532e0af79b46888baeae5ecb9a307b45a658035e7c3374949,0.00618779199430719,23,1,1.0,1.0,True
eval-dual_corridor-0,dual_corridor,train,A5,PASS,9af421604fc7c07532e0af79b46888baeae5ecb9a307b45a658035e7c3374949,0.006686666019959375,23,1,1.0,1.0,True
eval-dual_corridor-0,dual_corridor,train,A3,DEFERRED_USER,9af421604fc7c07532e0af79b46888baeae5ecb9a307b45a658035e7c3374949,,,,,,
eval-dual_corridor-0,dual_corridor,train,A4,DEFERRED_USER,9af421604fc7c07532e0af79b46888baeae5ecb9a307b45a658035e7c3374949,,,,,,
eval-dual_corridor-1,dual_corridor,train,A0,PASS,2860be47a80f5a8d9028bf32c7986544e11dcf1285a00b497aad4bde0cb4ea6d,0.00400737498421222,23,1,1.0,1.0,False
eval-dual_corridor-1,dual_corridor,train,A1,PASS,2860be47a80f5a8d9028bf32c7986544e11dcf1285a00b497aad4bde0cb4ea6d,0.003524792002281174,23,1,1.0,1.0,True
eval-dual_corridor-1,dual_corridor,train,A2,PASS,2860be47a80f5a8d9028bf32c7986544e11dcf1285a00b497aad4bde0cb4ea6d,0.005860750010469928,23,1,1.0,1.0,True
eval-dual_corridor-1,dual_corridor,train,A5,PASS,2860be47a80f5a8d9028bf32c7986544e11dcf1285a00b497aad4bde0cb4ea6d,0.005825500003993511,23,1,1.0,1.0,True
eval-dual_corridor-1,dual_corridor,train,A3,DEFERRED_USER,2860be47a80f5a8d9028bf32c7986544e11dcf1285a00b497aad4bde0cb4ea6d,,,,,,
eval-dual_corridor-1,dual_corridor,train,A4,DEFERRED_USER,2860be47a80f5a8d9028bf32c7986544e11dcf1285a00b497aad4bde0cb4ea6d,,,,,,
eval-dual_corridor-2,dual_corridor,train,A0,PASS,13c60b357f5fc791c9ae0e1ce46f2a97d1b6aedda9cfb9a6484ddc4f6ab6a141,0.003969374985899776,23,1,1.0,1.0,False
eval-dual_corridor-2,dual_corridor,train,A1,PASS,13c60b357f5fc791c9ae0e1ce46f2a97d1b6aedda9cfb9a6484ddc4f6ab6a141,0.0033131660020444542,23,1,1.0,1.0,True
eval-dual_corridor-2,dual_corridor,train,A2,PASS,13c60b357f5fc791c9ae0e1ce46f2a97d1b6aedda9cfb9a6484ddc4f6ab6a141,0.005995000014081597,23,1,1.0,1.0,True
eval-dual_corridor-2,dual_corridor,train,A5,PASS,13c60b357f5fc791c9ae0e1ce46f2a97d1b6aedda9cfb9a6484ddc4f6ab6a141,0.005858582997461781,23,1,1.0,1.0,True
eval-dual_corridor-2,dual_corridor,train,A3,DEFERRED_USER,13c60b357f5fc791c9ae0e1ce46f2a97d1b6aedda9cfb9a6484ddc4f6ab6a141,,,,,,
eval-dual_corridor-2,dual_corridor,train,A4,DEFERRED_USER,13c60b357f5fc791c9ae0e1ce46f2a97d1b6aedda9cfb9a6484ddc4f6ab6a141,,,,,,
eval-dual_corridor-3,dual_corridor,train,A0,PASS,110f5d9b455c8abe0558d09dc0097503da733869c5e0fa69c4f745075970256c,0.0036849169991910458,23,1,1.0,1.0,False
eval-dual_corridor-3,dual_corridor,train,A1,PASS,110f5d9b455c8abe0558d09dc0097503da733869c5e0fa69c4f745075970256c,0.0033834170026239008,23,1,1.0,1.0,True
eval-dual_corridor-3,dual_corridor,train,A2,PASS,110f5d9b455c8abe0558d09dc0097503da733869c5e0fa69c4f745075970256c,0.005899665993638337,23,1,1.0,1.0,True
eval-dual_corridor-3,dual_corridor,train,A5,PASS,110f5d9b455c8abe0558d09dc0097503da733869c5e0fa69c4f745075970256c,0.00578854201012291,23,1,1.0,1.0,True
eval-dual_corridor-3,dual_corridor,train,A3,DEFERRED_USER,110f5d9b455c8abe0558d09dc0097503da733869c5e0fa69c4f745075970256c,,,,,,
eval-dual_corridor-3,dual_corridor,train,A4,DEFERRED_USER,110f5d9b455c8abe0558d09dc0097503da733869c5e0fa69c4f745075970256c,,,,,,
eval-single_bridge-0,single_bridge,train,A0,PASS,17ecc96d862ad3f5aa311bed52791f5ac229298611609032cc69100a17546226,0.003573499998310581,23,1,1.0,1.0,False
eval-single_bridge-0,single_bridge,train,A1,PASS,17ecc96d862ad3f5aa311bed52791f5ac229298611609032cc69100a17546226,0.003066875011427328,23,1,0.0,0.0,True
eval-single_bridge-0,single_bridge,train,A2,PASS,17ecc96d862ad3f5aa311bed52791f5ac229298611609032cc69100a17546226,0.004722417012089863,23,1,1.0,1.0,True
eval-single_bridge-0,single_bridge,train,A5,PASS,17ecc96d862ad3f5aa311bed52791f5ac229298611609032cc69100a17546226,0.004949166992446408,23,1,1.0,1.0,True
eval-single_bridge-0,single_bridge,train,A3,DEFERRED_USER,17ecc96d862ad3f5aa311bed52791f5ac229298611609032cc69100a17546226,,,,,,
eval-single_bridge-0,single_bridge,train,A4,DEFERRED_USER,17ecc96d862ad3f5aa311bed52791f5ac229298611609032cc69100a17546226,,,,,,
eval-single_bridge-1,single_bridge,train,A0,PASS,f3e793e0fa21f6e7f446555422f81743b25597a0a0b5ca70a859da05f65f226e,0.0033416250080335885,23,1,1.0,1.0,False
eval-single_bridge-1,single_bridge,train,A1,PASS,f3e793e0fa21f6e7f446555422f81743b25597a0a0b5ca70a859da05f65f226e,0.0032511670142412186,23,1,0.0,0.0,True
eval-single_bridge-1,single_bridge,train,A2,PASS,f3e793e0fa21f6e7f446555422f81743b25597a0a0b5ca70a859da05f65f226e,0.004553375008981675,23,1,1.0,1.0,True
eval-single_bridge-1,single_bridge,train,A5,PASS,f3e793e0fa21f6e7f446555422f81743b25597a0a0b5ca70a859da05f65f226e,0.0047615419898647815,23,1,1.0,1.0,True
eval-single_bridge-1,single_bridge,train,A3,DEFERRED_USER,f3e793e0fa21f6e7f446555422f81743b25597a0a0b5ca70a859da05f65f226e,,,,,,
eval-single_bridge-1,single_bridge,train,A4,DEFERRED_USER,f3e793e0fa21f6e7f446555422f81743b25597a0a0b5ca70a859da05f65f226e,,,,,,
eval-single_bridge-2,single_bridge,train,A0,PASS,500724eb9c508315e822f011851cd6f99b85d079c7437ef0f1f9e0075cdbb41c,0.0036853750061709434,23,1,1.0,1.0,False
eval-single_bridge-2,single_bridge,train,A1,PASS,500724eb9c508315e822f011851cd6f99b85d079c7437ef0f1f9e0075cdbb41c,0.003088458994170651,23,1,0.0,0.0,True
eval-single_bridge-2,single_bridge,train,A2,PASS,500724eb9c508315e822f011851cd6f99b85d079c7437ef0f1f9e0075cdbb41c,0.005059874994913116,23,1,1.0,1.0,True
eval-single_bridge-2,single_bridge,train,A5,PASS,500724eb9c508315e822f011851cd6f99b85d079c7437ef0f1f9e0075cdbb41c,0.005396666994784027,23,1,1.0,1.0,True
eval-single_bridge-2,single_bridge,train,A3,DEFERRED_USER,500724eb9c508315e822f011851cd6f99b85d079c7437ef0f1f9e0075cdbb41c,,,,,,
eval-single_bridge-2,single_bridge,train,A4,DEFERRED_USER,500724eb9c508315e822f011851cd6f99b85d079c7437ef0f1f9e0075cdbb41c,,,,,,
eval-single_bridge-3,single_bridge,train,A0,PASS,f408da421f8fe0dc09f3acf495a3e310bc098fe11d518527021f37510708e5e6,0.003756416990654543,23,1,1.0,1.0,False
eval-single_bridge-3,single_bridge,train,A1,PASS,f408da421f8fe0dc09f3acf495a3e310bc098fe11d518527021f37510708e5e6,0.003345708013512194,23,1,0.0,0.0,True
eval-single_bridge-3,single_bridge,train,A2,PASS,f408da421f8fe0dc09f3acf495a3e310bc098fe11d518527021f37510708e5e6,0.004662874998757616,23,1,1.0,1.0,True
eval-single_bridge-3,single_bridge,train,A5,PASS,f408da421f8fe0dc09f3acf495a3e310bc098fe11d518527021f37510708e5e6,0.0047550409799441695,23,1,1.0,1.0,True
eval-single_bridge-3,single_bridge,train,A3,DEFERRED_USER,f408da421f8fe0dc09f3acf495a3e310bc098fe11d518527021f37510708e5e6,,,,,,
eval-single_bridge-3,single_bridge,train,A4,DEFERRED_USER,f408da421f8fe0dc09f3acf495a3e310bc098fe11d518527021f37510708e5e6,,,,,,
eval-isolated_zone-0,isolated_zone,train,A0,PASS,35850e330595422ef94192ab64e916ae07720a4feaa07b443bd2b6de840c21ea,0.00326024999958463,23,0,,,False
eval-isolated_zone-0,isolated_zone,train,A1,PASS,35850e330595422ef94192ab64e916ae07720a4feaa07b443bd2b6de840c21ea,0.002841999987140298,23,0,,,True
eval-isolated_zone-0,isolated_zone,train,A2,PASS,35850e330595422ef94192ab64e916ae07720a4feaa07b443bd2b6de840c21ea,0.008740582998143509,23,0,,,True
eval-isolated_zone-0,isolated_zone,train,A5,PASS,35850e330595422ef94192ab64e916ae07720a4feaa07b443bd2b6de840c21ea,0.00514854199718684,23,0,,,True
eval-isolated_zone-0,isolated_zone,train,A3,DEFERRED_USER,35850e330595422ef94192ab64e916ae07720a4feaa07b443bd2b6de840c21ea,,,,,,
eval-isolated_zone-0,isolated_zone,train,A4,DEFERRED_USER,35850e330595422ef94192ab64e916ae07720a4feaa07b443bd2b6de840c21ea,,,,,,
eval-isolated_zone-1,isolated_zone,train,A0,PASS,f7bfb4e932c181de6e6910ad67325389405ef68c66b38f1e3bb1bdb6a5495bca,0.003205249988241121,23,0,,,False
eval-isolated_zone-1,isolated_zone,train,A1,PASS,f7bfb4e932c181de6e6910ad67325389405ef68c66b38f1e3bb1bdb6a5495bca,0.002728499996010214,23,0,,,True
eval-isolated_zone-1,isolated_zone,train,A2,PASS,f7bfb4e932c181de6e6910ad67325389405ef68c66b38f1e3bb1bdb6a5495bca,0.005196790996706113,23,0,,,True
eval-isolated_zone-1,isolated_zone,train,A5,PASS,f7bfb4e932c181de6e6910ad67325389405ef68c66b38f1e3bb1bdb6a5495bca,0.005815874988911673,23,0,,,True
eval-isolated_zone-1,isolated_zone,train,A3,DEFERRED_USER,f7bfb4e932c181de6e6910ad67325389405ef68c66b38f1e3bb1bdb6a5495bca,,,,,,
eval-isolated_zone-1,isolated_zone,train,A4,DEFERRED_USER,f7bfb4e932c181de6e6910ad67325389405ef68c66b38f1e3bb1bdb6a5495bca,,,,,,
eval-isolated_zone-2,isolated_zone,train,A0,PASS,58b7a862fe9bce29a869780481cd8c26ec2ad455440a2b9daf142645b0b24563,0.0038565419963561,23,0,,,False
eval-isolated_zone-2,isolated_zone,train,A1,PASS,58b7a862fe9bce29a869780481cd8c26ec2ad455440a2b9daf142645b0b24563,0.003056832996662706,23,0,,,True
eval-isolated_zone-2,isolated_zone,train,A2,PASS,58b7a862fe9bce29a869780481cd8c26ec2ad455440a2b9daf142645b0b24563,0.00491524999961257,23,0,,,True
eval-isolated_zone-2,isolated_zone,train,A5,PASS,58b7a862fe9bce29a869780481cd8c26ec2ad455440a2b9daf142645b0b24563,0.00660054202307947,23,0,,,True
eval-isolated_zone-2,isolated_zone,train,A3,DEFERRED_USER,58b7a862fe9bce29a869780481cd8c26ec2ad455440a2b9daf142645b0b24563,,,,,,
eval-isolated_zone-2,isolated_zone,train,A4,DEFERRED_USER,58b7a862fe9bce29a869780481cd8c26ec2ad455440a2b9daf142645b0b24563,,,,,,
eval-isolated_zone-3,isolated_zone,train,A0,PASS,380168bb8dd8dd21827ea999375978db8530c46c354a961e3093888a7b23c5e6,0.003442250017542392,23,0,,,False
eval-isolated_zone-3,isolated_zone,train,A1,PASS,380168bb8dd8dd21827ea999375978db8530c46c354a961e3093888a7b23c5e6,0.003194749995600432,23,0,,,True
eval-isolated_zone-3,isolated_zone,train,A2,PASS,380168bb8dd8dd21827ea999375978db8530c46c354a961e3093888a7b23c5e6,0.005313166999258101,23,0,,,True
eval-isolated_zone-3,isolated_zone,train,A5,PASS,380168bb8dd8dd21827ea999375978db8530c46c354a961e3093888a7b23c5e6,0.006861208006739616,23,0,,,True
eval-isolated_zone-3,isolated_zone,train,A3,DEFERRED_USER,380168bb8dd8dd21827ea999375978db8530c46c354a961e3093888a7b23c5e6,,,,,,
eval-isolated_zone-3,isolated_zone,train,A4,DEFERRED_USER,380168bb8dd8dd21827ea999375978db8530c46c354a961e3093888a7b23c5e6,,,,,,
eval-reverse_direction-0,reverse_direction,train,A0,PASS,b70fce7d772643410e06c6a012f032f2314bacce98b408967486f79d07c847a9,0.0038366249937098473,23,0,,,False
eval-reverse_direction-0,reverse_direction,train,A1,PASS,b70fce7d772643410e06c6a012f032f2314bacce98b408967486f79d07c847a9,0.004900958010694012,23,0,,,True
eval-reverse_direction-0,reverse_direction,train,A2,PASS,b70fce7d772643410e06c6a012f032f2314bacce98b408967486f79d07c847a9,0.006039125000825152,23,0,,,True
eval-reverse_direction-0,reverse_direction,train,A5,PASS,b70fce7d772643410e06c6a012f032f2314bacce98b408967486f79d07c847a9,0.006557333981618285,23,0,,,True
eval-reverse_direction-0,reverse_direction,train,A3,DEFERRED_USER,b70fce7d772643410e06c6a012f032f2314bacce98b408967486f79d07c847a9,,,,,,
eval-reverse_direction-0,reverse_direction,train,A4,DEFERRED_USER,b70fce7d772643410e06c6a012f032f2314bacce98b408967486f79d07c847a9,,,,,,
eval-reverse_direction-1,reverse_direction,train,A0,PASS,ab4458d511e2bc527c7039b53d8b4074961b99f7640d4edf5408ddbbef945416,0.0037694589991588145,23,0,,,False
eval-reverse_direction-1,reverse_direction,train,A1,PASS,ab4458d511e2bc527c7039b53d8b4074961b99f7640d4edf5408ddbbef945416,0.003397208987735212,23,0,,,True
eval-reverse_direction-1,reverse_direction,train,A2,PASS,ab4458d511e2bc527c7039b53d8b4074961b99f7640d4edf5408ddbbef945416,0.006005875009577721,23,0,,,True
eval-reverse_direction-1,reverse_direction,train,A5,PASS,ab4458d511e2bc527c7039b53d8b4074961b99f7640d4edf5408ddbbef945416,0.007079125003656372,23,0,,,True
eval-reverse_direction-1,reverse_direction,train,A3,DEFERRED_USER,ab4458d511e2bc527c7039b53d8b4074961b99f7640d4edf5408ddbbef945416,,,,,,
eval-reverse_direction-1,reverse_direction,train,A4,DEFERRED_USER,ab4458d511e2bc527c7039b53d8b4074961b99f7640d4edf5408ddbbef945416,,,,,,
eval-reverse_direction-2,reverse_direction,train,A0,PASS,34cc2701a6f4a7b47b81607e80bcf24356047f8d9c1c847f1a09cd53105a96d8,0.003665917000034824,23,0,,,False
eval-reverse_direction-2,reverse_direction,train,A1,PASS,34cc2701a6f4a7b47b81607e80bcf24356047f8d9c1c847f1a09cd53105a96d8,0.0042464580037631094,23,0,,,True
eval-reverse_direction-2,reverse_direction,train,A2,PASS,34cc2701a6f4a7b47b81607e80bcf24356047f8d9c1c847f1a09cd53105a96d8,0.006032958015566692,23,0,,,True
eval-reverse_direction-2,reverse_direction,train,A5,PASS,34cc2701a6f4a7b47b81607e80bcf24356047f8d9c1c847f1a09cd53105a96d8,0.006377374986186624,23,0,,,True
eval-reverse_direction-2,reverse_direction,train,A3,DEFERRED_USER,34cc2701a6f4a7b47b81607e80bcf24356047f8d9c1c847f1a09cd53105a96d8,,,,,,
eval-reverse_direction-2,reverse_direction,train,A4,DEFERRED_USER,34cc2701a6f4a7b47b81607e80bcf24356047f8d9c1c847f1a09cd53105a96d8,,,,,,
eval-reverse_direction-3,reverse_direction,train,A0,PASS,0aacce80d35301b51e9ffd8115fc10b05bc490060a339bcad9f02cb5987bd929,0.003751417010789737,23,0,,,False
eval-reverse_direction-3,reverse_direction,train,A1,PASS,0aacce80d35301b51e9ffd8115fc10b05bc490060a339bcad9f02cb5987bd929,0.004732874978799373,23,0,,,True
eval-reverse_direction-3,reverse_direction,train,A2,PASS,0aacce80d35301b51e9ffd8115fc10b05bc490060a339bcad9f02cb5987bd929,0.005695667001418769,23,0,,,True
eval-reverse_direction-3,reverse_direction,train,A5,PASS,0aacce80d35301b51e9ffd8115fc10b05bc490060a339bcad9f02cb5987bd929,0.006077874975744635,23,0,,,True
eval-reverse_direction-3,reverse_direction,train,A3,DEFERRED_USER,0aacce80d35301b51e9ffd8115fc10b05bc490060a339bcad9f02cb5987bd929,,,,,,
eval-reverse_direction-3,reverse_direction,train,A4,DEFERRED_USER,0aacce80d35301b51e9ffd8115fc10b05bc490060a339bcad9f02cb5987bd929,,,,,,
eval-transfer-0,transfer,train,A0,PASS,c40b3c0352625b645f2756d10f0a1402cdfb17b43643ec19819cf056df65876e,0.004499417002080008,23,1,1.0,1.0,False
eval-transfer-0,transfer,train,A1,PASS,c40b3c0352625b645f2756d10f0a1402cdfb17b43643ec19819cf056df65876e,0.004422500001965091,23,1,1.0,1.0,True
eval-transfer-0,transfer,train,A2,PASS,c40b3c0352625b645f2756d10f0a1402cdfb17b43643ec19819cf056df65876e,0.019534834020305425,23,1,1.0,1.0,True
eval-transfer-0,transfer,train,A5,PASS,c40b3c0352625b645f2756d10f0a1402cdfb17b43643ec19819cf056df65876e,0.007477833016309887,23,1,1.0,1.0,True
eval-transfer-0,transfer,train,A3,DEFERRED_USER,c40b3c0352625b645f2756d10f0a1402cdfb17b43643ec19819cf056df65876e,,,,,,
eval-transfer-0,transfer,train,A4,DEFERRED_USER,c40b3c0352625b645f2756d10f0a1402cdfb17b43643ec19819cf056df65876e,,,,,,
eval-transfer-1,transfer,train,A0,PASS,353f5bbdfb45b6902d0de2574c712159901e12883a6b79c496b11d9c1e398b5d,0.006125333980889991,23,1,1.0,1.0,False
eval-transfer-1,transfer,train,A1,PASS,353f5bbdfb45b6902d0de2574c712159901e12883a6b79c496b11d9c1e398b5d,0.004197833011858165,23,1,1.0,1.0,True
eval-transfer-1,transfer,train,A2,PASS,353f5bbdfb45b6902d0de2574c712159901e12883a6b79c496b11d9c1e398b5d,0.008706874999916181,23,1,1.0,1.0,True
eval-transfer-1,transfer,train,A5,PASS,353f5bbdfb45b6902d0de2574c712159901e12883a6b79c496b11d9c1e398b5d,0.008475542010273784,23,1,1.0,1.0,True
eval-transfer-1,transfer,train,A3,DEFERRED_USER,353f5bbdfb45b6902d0de2574c712159901e12883a6b79c496b11d9c1e398b5d,,,,,,
eval-transfer-1,transfer,train,A4,DEFERRED_USER,353f5bbdfb45b6902d0de2574c712159901e12883a6b79c496b11d9c1e398b5d,,,,,,
eval-transfer-2,transfer,train,A0,PASS,d7915e6f915397c1474f42ae6e678044adf286f2d17d28fb6b33fd624fd0c82d,0.005029708001529798,23,1,1.0,1.0,False
eval-transfer-2,transfer,train,A1,PASS,d7915e6f915397c1474f42ae6e678044adf286f2d17d28fb6b33fd624fd0c82d,0.004039874998852611,23,1,1.0,1.0,True
eval-transfer-2,transfer,train,A2,PASS,d7915e6f915397c1474f42ae6e678044adf286f2d17d28fb6b33fd624fd0c82d,0.0074762500007636845,23,1,1.0,1.0,True
eval-transfer-2,transfer,train,A5,PASS,d7915e6f915397c1474f42ae6e678044adf286f2d17d28fb6b33fd624fd0c82d,0.007685415999731049,23,1,1.0,1.0,True
eval-transfer-2,transfer,train,A3,DEFERRED_USER,d7915e6f915397c1474f42ae6e678044adf286f2d17d28fb6b33fd624fd0c82d,,,,,,
eval-transfer-2,transfer,train,A4,DEFERRED_USER,d7915e6f915397c1474f42ae6e678044adf286f2d17d28fb6b33fd624fd0c82d,,,,,,
eval-transfer-3,transfer,train,A0,PASS,291d0c4a9fd19c64075b08e4e95afe74dbfd12ce9559e24c6cfce1b2d092b2d5,0.004413874994497746,23,1,1.0,1.0,False
eval-transfer-3,transfer,train,A1,PASS,291d0c4a9fd19c64075b08e4e95afe74dbfd12ce9559e24c6cfce1b2d092b2d5,0.004511083010584116,23,1,1.0,1.0,True
eval-transfer-3,transfer,train,A2,PASS,291d0c4a9fd19c64075b08e4e95afe74dbfd12ce9559e24c6cfce1b2d092b2d5,0.007373000000370666,23,1,1.0,1.0,True
eval-transfer-3,transfer,train,A5,PASS,291d0c4a9fd19c64075b08e4e95afe74dbfd12ce9559e24c6cfce1b2d092b2d5,0.007342042023083195,23,1,1.0,1.0,True
eval-transfer-3,transfer,train,A3,DEFERRED_USER,291d0c4a9fd19c64075b08e4e95afe74dbfd12ce9559e24c6cfce1b2d092b2d5,,,,,,
eval-transfer-3,transfer,train,A4,DEFERRED_USER,291d0c4a9fd19c64075b08e4e95afe74dbfd12ce9559e24c6cfce1b2d092b2d5,,,,,,
eval-grade_separation-0,grade_separation,train,A0,PASS,42ed48a87380df95f070cfaee050dfae626eb7d0e8b27a38b3ebcd56d685c3b2,0.004624292021617293,23,0,,,False
eval-grade_separation-0,grade_separation,train,A1,PASS,42ed48a87380df95f070cfaee050dfae626eb7d0e8b27a38b3ebcd56d685c3b2,0.0036077499971725047,23,0,,,True
eval-grade_separation-0,grade_separation,train,A2,PASS,42ed48a87380df95f070cfaee050dfae626eb7d0e8b27a38b3ebcd56d685c3b2,0.005549415975110605,23,0,,,True
eval-grade_separation-0,grade_separation,train,A5,PASS,42ed48a87380df95f070cfaee050dfae626eb7d0e8b27a38b3ebcd56d685c3b2,0.00794375000987202,23,0,,,True
eval-grade_separation-0,grade_separation,train,A3,DEFERRED_USER,42ed48a87380df95f070cfaee050dfae626eb7d0e8b27a38b3ebcd56d685c3b2,,,,,,
eval-grade_separation-0,grade_separation,train,A4,DEFERRED_USER,42ed48a87380df95f070cfaee050dfae626eb7d0e8b27a38b3ebcd56d685c3b2,,,,,,
eval-grade_separation-1,grade_separation,train,A0,PASS,b17726b8b7c7842646f03db904b9e61319b0202c0e779fdf52d4f32c914cb4ee,0.0058767920127138495,23,0,,,False
eval-grade_separation-1,grade_separation,train,A1,PASS,b17726b8b7c7842646f03db904b9e61319b0202c0e779fdf52d4f32c914cb4ee,0.0038280840090010315,23,0,,,True
eval-grade_separation-1,grade_separation,train,A2,PASS,b17726b8b7c7842646f03db904b9e61319b0202c0e779fdf52d4f32c914cb4ee,0.0059270840138196945,23,0,,,True
eval-grade_separation-1,grade_separation,train,A5,PASS,b17726b8b7c7842646f03db904b9e61319b0202c0e779fdf52d4f32c914cb4ee,0.0056725830072537065,23,0,,,True
eval-grade_separation-1,grade_separation,train,A3,DEFERRED_USER,b17726b8b7c7842646f03db904b9e61319b0202c0e779fdf52d4f32c914cb4ee,,,,,,
eval-grade_separation-1,grade_separation,train,A4,DEFERRED_USER,b17726b8b7c7842646f03db904b9e61319b0202c0e779fdf52d4f32c914cb4ee,,,,,,
eval-grade_separation-2,grade_separation,train,A0,PASS,579ea62aa725460d81b1b4560fbe48edf53caa89d9bb812dee65ea2326f159c5,0.003971666999859735,23,0,,,False
eval-grade_separation-2,grade_separation,train,A1,PASS,579ea62aa725460d81b1b4560fbe48edf53caa89d9bb812dee65ea2326f159c5,0.004688375018304214,23,0,,,True
eval-grade_separation-2,grade_separation,train,A2,PASS,579ea62aa725460d81b1b4560fbe48edf53caa89d9bb812dee65ea2326f159c5,0.006259290996240452,23,0,,,True
eval-grade_separation-2,grade_separation,train,A5,PASS,579ea62aa725460d81b1b4560fbe48edf53caa89d9bb812dee65ea2326f159c5,0.0057507919846102595,23,0,,,True
eval-grade_separation-2,grade_separation,train,A3,DEFERRED_USER,579ea62aa725460d81b1b4560fbe48edf53caa89d9bb812dee65ea2326f159c5,,,,,,
eval-grade_separation-2,grade_separation,train,A4,DEFERRED_USER,579ea62aa725460d81b1b4560fbe48edf53caa89d9bb812dee65ea2326f159c5,,,,,,
eval-grade_separation-3,grade_separation,train,A0,PASS,fbf7923f7f5f71878481fedefcdc4b85371a6a4c4295e5938e8e04d2b25f7c45,0.0037589579878840595,23,0,,,False
eval-grade_separation-3,grade_separation,train,A1,PASS,fbf7923f7f5f71878481fedefcdc4b85371a6a4c4295e5938e8e04d2b25f7c45,0.003146500006550923,23,0,,,True
eval-grade_separation-3,grade_separation,train,A2,PASS,fbf7923f7f5f71878481fedefcdc4b85371a6a4c4295e5938e8e04d2b25f7c45,0.005783542001154274,23,0,,,True
eval-grade_separation-3,grade_separation,train,A5,PASS,fbf7923f7f5f71878481fedefcdc4b85371a6a4c4295e5938e8e04d2b25f7c45,0.005507624999154359,23,0,,,True
eval-grade_separation-3,grade_separation,train,A3,DEFERRED_USER,fbf7923f7f5f71878481fedefcdc4b85371a6a4c4295e5938e8e04d2b25f7c45,,,,,,
eval-grade_separation-3,grade_separation,train,A4,DEFERRED_USER,fbf7923f7f5f71878481fedefcdc4b85371a6a4c4295e5938e8e04d2b25f7c45,,,,,,
eval-time_boundary-0,time_boundary,dev,A0,PASS,95f6eafff5b8a11f44a3735310c2a19cf00336b3a2e1a118dc8295cf5d423a43,0.003483042004518211,23,0,,,False
eval-time_boundary-0,time_boundary,dev,A1,PASS,95f6eafff5b8a11f44a3735310c2a19cf00336b3a2e1a118dc8295cf5d423a43,0.003024292003829032,23,0,,,True
eval-time_boundary-0,time_boundary,dev,A2,PASS,95f6eafff5b8a11f44a3735310c2a19cf00336b3a2e1a118dc8295cf5d423a43,0.005153833015356213,23,0,,,True
eval-time_boundary-0,time_boundary,dev,A5,PASS,95f6eafff5b8a11f44a3735310c2a19cf00336b3a2e1a118dc8295cf5d423a43,0.005631957988953218,23,0,,,True
eval-time_boundary-0,time_boundary,dev,A3,DEFERRED_USER,95f6eafff5b8a11f44a3735310c2a19cf00336b3a2e1a118dc8295cf5d423a43,,,,,,
eval-time_boundary-0,time_boundary,dev,A4,DEFERRED_USER,95f6eafff5b8a11f44a3735310c2a19cf00336b3a2e1a118dc8295cf5d423a43,,,,,,
eval-time_boundary-1,time_boundary,dev,A0,PASS,86384c7c13c0b27a865bc70cae5d80440dcf9ec7d9270d6e909eac03df14095e,0.003591834014514461,23,0,,,False
eval-time_boundary-1,time_boundary,dev,A1,PASS,86384c7c13c0b27a865bc70cae5d80440dcf9ec7d9270d6e909eac03df14095e,0.003342208976391703,23,0,,,True
eval-time_boundary-1,time_boundary,dev,A2,PASS,86384c7c13c0b27a865bc70cae5d80440dcf9ec7d9270d6e909eac03df14095e,0.005501374980667606,23,0,,,True
eval-time_boundary-1,time_boundary,dev,A5,PASS,86384c7c13c0b27a865bc70cae5d80440dcf9ec7d9270d6e909eac03df14095e,0.005643875017995015,23,0,,,True
eval-time_boundary-1,time_boundary,dev,A3,DEFERRED_USER,86384c7c13c0b27a865bc70cae5d80440dcf9ec7d9270d6e909eac03df14095e,,,,,,
eval-time_boundary-1,time_boundary,dev,A4,DEFERRED_USER,86384c7c13c0b27a865bc70cae5d80440dcf9ec7d9270d6e909eac03df14095e,,,,,,
eval-time_boundary-2,time_boundary,dev,A0,PASS,a3673a7b15cb54adb7e9e080707382c7be0a01ded72cc2c9edea00940c13d070,0.003594292007619515,23,0,,,False
eval-time_boundary-2,time_boundary,dev,A1,PASS,a3673a7b15cb54adb7e9e080707382c7be0a01ded72cc2c9edea00940c13d070,0.003174500016029924,23,0,,,True
eval-time_boundary-2,time_boundary,dev,A2,PASS,a3673a7b15cb54adb7e9e080707382c7be0a01ded72cc2c9edea00940c13d070,0.005313041998306289,23,0,,,True
eval-time_boundary-2,time_boundary,dev,A5,PASS,a3673a7b15cb54adb7e9e080707382c7be0a01ded72cc2c9edea00940c13d070,0.0054275829752441496,23,0,,,True
eval-time_boundary-2,time_boundary,dev,A3,DEFERRED_USER,a3673a7b15cb54adb7e9e080707382c7be0a01ded72cc2c9edea00940c13d070,,,,,,
eval-time_boundary-2,time_boundary,dev,A4,DEFERRED_USER,a3673a7b15cb54adb7e9e080707382c7be0a01ded72cc2c9edea00940c13d070,,,,,,
eval-time_boundary-3,time_boundary,dev,A0,PASS,017cb8b34b18b4bcaf6531bc1054dab8b21688570b95c142526b229f0db41267,0.0035564159916248173,23,0,,,False
eval-time_boundary-3,time_boundary,dev,A1,PASS,017cb8b34b18b4bcaf6531bc1054dab8b21688570b95c142526b229f0db41267,0.003136417013593018,23,0,,,True
eval-time_boundary-3,time_boundary,dev,A2,PASS,017cb8b34b18b4bcaf6531bc1054dab8b21688570b95c142526b229f0db41267,0.005479125014971942,23,0,,,True
eval-time_boundary-3,time_boundary,dev,A5,PASS,017cb8b34b18b4bcaf6531bc1054dab8b21688570b95c142526b229f0db41267,0.005439083004603162,23,0,,,True
eval-time_boundary-3,time_boundary,dev,A3,DEFERRED_USER,017cb8b34b18b4bcaf6531bc1054dab8b21688570b95c142526b229f0db41267,,,,,,
eval-time_boundary-3,time_boundary,dev,A4,DEFERRED_USER,017cb8b34b18b4bcaf6531bc1054dab8b21688570b95c142526b229f0db41267,,,,,,
eval-vehicle_class-0,vehicle_class,dev,A0,PASS,c794218fd98eb98135d71a0cd7ba000ce7ee811a07e401812a470deb9df74278,0.0035820000048261136,23,0,,,False
eval-vehicle_class-0,vehicle_class,dev,A1,PASS,c794218fd98eb98135d71a0cd7ba000ce7ee811a07e401812a470deb9df74278,0.003129167016595602,23,0,,,True
eval-vehicle_class-0,vehicle_class,dev,A2,PASS,c794218fd98eb98135d71a0cd7ba000ce7ee811a07e401812a470deb9df74278,0.005510541028343141,23,0,,,True
eval-vehicle_class-0,vehicle_class,dev,A5,PASS,c794218fd98eb98135d71a0cd7ba000ce7ee811a07e401812a470deb9df74278,0.00531299997237511,23,0,,,True
eval-vehicle_class-0,vehicle_class,dev,A3,DEFERRED_USER,c794218fd98eb98135d71a0cd7ba000ce7ee811a07e401812a470deb9df74278,,,,,,
eval-vehicle_class-0,vehicle_class,dev,A4,DEFERRED_USER,c794218fd98eb98135d71a0cd7ba000ce7ee811a07e401812a470deb9df74278,,,,,,
eval-vehicle_class-1,vehicle_class,dev,A0,PASS,de6cae213e8c04a9b4e110cd7437ddb8d57c969a9658636637f44d0ada85324d,0.003551417001290247,23,0,,,False
eval-vehicle_class-1,vehicle_class,dev,A1,PASS,de6cae213e8c04a9b4e110cd7437ddb8d57c969a9658636637f44d0ada85324d,0.0030799579981248826,23,0,,,True
eval-vehicle_class-1,vehicle_class,dev,A2,PASS,de6cae213e8c04a9b4e110cd7437ddb8d57c969a9658636637f44d0ada85324d,0.00564366698381491,23,0,,,True
eval-vehicle_class-1,vehicle_class,dev,A5,PASS,de6cae213e8c04a9b4e110cd7437ddb8d57c969a9658636637f44d0ada85324d,0.005376083980081603,23,0,,,True
eval-vehicle_class-1,vehicle_class,dev,A3,DEFERRED_USER,de6cae213e8c04a9b4e110cd7437ddb8d57c969a9658636637f44d0ada85324d,,,,,,
eval-vehicle_class-1,vehicle_class,dev,A4,DEFERRED_USER,de6cae213e8c04a9b4e110cd7437ddb8d57c969a9658636637f44d0ada85324d,,,,,,
eval-vehicle_class-2,vehicle_class,dev,A0,PASS,bb577409c606a64c40c7c6bc7c18b2d13779976acb7a0f06352a5b105dd5d97d,0.0035969590244349092,23,0,,,False
eval-vehicle_class-2,vehicle_class,dev,A1,PASS,bb577409c606a64c40c7c6bc7c18b2d13779976acb7a0f06352a5b105dd5d97d,0.0031756249954923987,23,0,,,True
eval-vehicle_class-2,vehicle_class,dev,A2,PASS,bb577409c606a64c40c7c6bc7c18b2d13779976acb7a0f06352a5b105dd5d97d,0.005117084016092122,23,0,,,True
eval-vehicle_class-2,vehicle_class,dev,A5,PASS,bb577409c606a64c40c7c6bc7c18b2d13779976acb7a0f06352a5b105dd5d97d,0.005369208985939622,23,0,,,True
eval-vehicle_class-2,vehicle_class,dev,A3,DEFERRED_USER,bb577409c606a64c40c7c6bc7c18b2d13779976acb7a0f06352a5b105dd5d97d,,,,,,
eval-vehicle_class-2,vehicle_class,dev,A4,DEFERRED_USER,bb577409c606a64c40c7c6bc7c18b2d13779976acb7a0f06352a5b105dd5d97d,,,,,,
eval-vehicle_class-3,vehicle_class,dev,A0,PASS,66568f654bcd2e2675b3b1bb4cedb709073b7efb7df3ba1d2fb5f38f4ab5191f,0.0035930839949287474,23,0,,,False
eval-vehicle_class-3,vehicle_class,dev,A1,PASS,66568f654bcd2e2675b3b1bb4cedb709073b7efb7df3ba1d2fb5f38f4ab5191f,0.0031236249778885394,23,0,,,True
eval-vehicle_class-3,vehicle_class,dev,A2,PASS,66568f654bcd2e2675b3b1bb4cedb709073b7efb7df3ba1d2fb5f38f4ab5191f,0.005133166996529326,23,0,,,True
eval-vehicle_class-3,vehicle_class,dev,A5,PASS,66568f654bcd2e2675b3b1bb4cedb709073b7efb7df3ba1d2fb5f38f4ab5191f,0.005547834007302299,23,0,,,True
eval-vehicle_class-3,vehicle_class,dev,A3,DEFERRED_USER,66568f654bcd2e2675b3b1bb4cedb709073b7efb7df3ba1d2fb5f38f4ab5191f,,,,,,
eval-vehicle_class-3,vehicle_class,dev,A4,DEFERRED_USER,66568f654bcd2e2675b3b1bb4cedb709073b7efb7df3ba1d2fb5f38f4ab5191f,,,,,,
eval-missing_data-0,missing_data,dev,A0,PASS,f9e78f23009f843c1298b965d4a6f5a095c0bab8e7942607b217944366d8a525,0.0035035830223932862,22,0,,,False
eval-missing_data-0,missing_data,dev,A1,PASS,f9e78f23009f843c1298b965d4a6f5a095c0bab8e7942607b217944366d8a525,0.0031222919933497906,22,0,,,True
eval-missing_data-0,missing_data,dev,A2,PASS,f9e78f23009f843c1298b965d4a6f5a095c0bab8e7942607b217944366d8a525,0.004977000004146248,22,0,,,True
eval-missing_data-0,missing_data,dev,A5,PASS,f9e78f23009f843c1298b965d4a6f5a095c0bab8e7942607b217944366d8a525,0.005380667018471286,22,0,,,True
eval-missing_data-0,missing_data,dev,A3,DEFERRED_USER,f9e78f23009f843c1298b965d4a6f5a095c0bab8e7942607b217944366d8a525,,,,,,
eval-missing_data-0,missing_data,dev,A4,DEFERRED_USER,f9e78f23009f843c1298b965d4a6f5a095c0bab8e7942607b217944366d8a525,,,,,,
eval-missing_data-1,missing_data,dev,A0,PASS,77c2a7f4ea25f058addf8789e28f7b9d53c38f3d61ec4c399bc6dc6a3d6c55bf,0.003336541005410254,22,0,,,False
eval-missing_data-1,missing_data,dev,A1,PASS,77c2a7f4ea25f058addf8789e28f7b9d53c38f3d61ec4c399bc6dc6a3d6c55bf,0.003118749998975545,22,0,,,True
eval-missing_data-1,missing_data,dev,A2,PASS,77c2a7f4ea25f058addf8789e28f7b9d53c38f3d61ec4c399bc6dc6a3d6c55bf,0.005100874986965209,22,0,,,True
eval-missing_data-1,missing_data,dev,A5,PASS,77c2a7f4ea25f058addf8789e28f7b9d53c38f3d61ec4c399bc6dc6a3d6c55bf,0.005368249985622242,22,0,,,True
eval-missing_data-1,missing_data,dev,A3,DEFERRED_USER,77c2a7f4ea25f058addf8789e28f7b9d53c38f3d61ec4c399bc6dc6a3d6c55bf,,,,,,
eval-missing_data-1,missing_data,dev,A4,DEFERRED_USER,77c2a7f4ea25f058addf8789e28f7b9d53c38f3d61ec4c399bc6dc6a3d6c55bf,,,,,,
eval-missing_data-2,missing_data,dev,A0,PASS,f4bf1ede2ea23c73cbe60aa3bab9d6148c31167aa35290f17880c8c2e4e0dac2,0.008800207986496389,22,0,,,False
eval-missing_data-2,missing_data,dev,A1,PASS,f4bf1ede2ea23c73cbe60aa3bab9d6148c31167aa35290f17880c8c2e4e0dac2,0.0032415830064564943,22,0,,,True
eval-missing_data-2,missing_data,dev,A2,PASS,f4bf1ede2ea23c73cbe60aa3bab9d6148c31167aa35290f17880c8c2e4e0dac2,0.004940957995131612,22,0,,,True
eval-missing_data-2,missing_data,dev,A5,PASS,f4bf1ede2ea23c73cbe60aa3bab9d6148c31167aa35290f17880c8c2e4e0dac2,0.005145249975612387,22,0,,,True
eval-missing_data-2,missing_data,dev,A3,DEFERRED_USER,f4bf1ede2ea23c73cbe60aa3bab9d6148c31167aa35290f17880c8c2e4e0dac2,,,,,,
eval-missing_data-2,missing_data,dev,A4,DEFERRED_USER,f4bf1ede2ea23c73cbe60aa3bab9d6148c31167aa35290f17880c8c2e4e0dac2,,,,,,
eval-missing_data-3,missing_data,dev,A0,PASS,427d984c9bb35771625acb5bf8c1d961f7543d022a67983bb0ee833907102a38,0.0034967910032719374,22,0,,,False
eval-missing_data-3,missing_data,dev,A1,PASS,427d984c9bb35771625acb5bf8c1d961f7543d022a67983bb0ee833907102a38,0.0029997919918969274,22,0,,,True
eval-missing_data-3,missing_data,dev,A2,PASS,427d984c9bb35771625acb5bf8c1d961f7543d022a67983bb0ee833907102a38,0.005501833016751334,22,0,,,True
eval-missing_data-3,missing_data,dev,A5,PASS,427d984c9bb35771625acb5bf8c1d961f7543d022a67983bb0ee833907102a38,0.005112541984999552,22,0,,,True
eval-missing_data-3,missing_data,dev,A3,DEFERRED_USER,427d984c9bb35771625acb5bf8c1d961f7543d022a67983bb0ee833907102a38,,,,,,
eval-missing_data-3,missing_data,dev,A4,DEFERRED_USER,427d984c9bb35771625acb5bf8c1d961f7543d022a67983bb0ee833907102a38,,,,,,
eval-zero_disturbance-0,zero_disturbance,test,A0,PASS,36f3ff5451d73d888d8532846b366bcc80e34cc3c424e4acd1dc8965daedf57e,0.0037526669912040234,23,0,,,False
eval-zero_disturbance-0,zero_disturbance,test,A1,PASS,36f3ff5451d73d888d8532846b366bcc80e34cc3c424e4acd1dc8965daedf57e,0.0031082920031622052,23,0,,,True
eval-zero_disturbance-0,zero_disturbance,test,A2,PASS,36f3ff5451d73d888d8532846b366bcc80e34cc3c424e4acd1dc8965daedf57e,0.005247374996542931,23,0,,,True
eval-zero_disturbance-0,zero_disturbance,test,A5,PASS,36f3ff5451d73d888d8532846b366bcc80e34cc3c424e4acd1dc8965daedf57e,0.005468666000524536,23,0,,,True
eval-zero_disturbance-0,zero_disturbance,test,A3,DEFERRED_USER,36f3ff5451d73d888d8532846b366bcc80e34cc3c424e4acd1dc8965daedf57e,,,,,,
eval-zero_disturbance-0,zero_disturbance,test,A4,DEFERRED_USER,36f3ff5451d73d888d8532846b366bcc80e34cc3c424e4acd1dc8965daedf57e,,,,,,
eval-zero_disturbance-1,zero_disturbance,test,A0,PASS,2ae7516e34a7bfed6d6414706b56525228558411ac15d6aa99f08d401766319a,0.0035686659975908697,23,0,,,False
eval-zero_disturbance-1,zero_disturbance,test,A1,PASS,2ae7516e34a7bfed6d6414706b56525228558411ac15d6aa99f08d401766319a,0.002960124984383583,23,0,,,True
eval-zero_disturbance-1,zero_disturbance,test,A2,PASS,2ae7516e34a7bfed6d6414706b56525228558411ac15d6aa99f08d401766319a,0.005118042026879266,23,0,,,True
eval-zero_disturbance-1,zero_disturbance,test,A5,PASS,2ae7516e34a7bfed6d6414706b56525228558411ac15d6aa99f08d401766319a,0.005255750002106652,23,0,,,True
eval-zero_disturbance-1,zero_disturbance,test,A3,DEFERRED_USER,2ae7516e34a7bfed6d6414706b56525228558411ac15d6aa99f08d401766319a,,,,,,
eval-zero_disturbance-1,zero_disturbance,test,A4,DEFERRED_USER,2ae7516e34a7bfed6d6414706b56525228558411ac15d6aa99f08d401766319a,,,,,,
eval-zero_disturbance-2,zero_disturbance,test,A0,PASS,c3e97034e257997adfa4024aa6006e4d4901c29e3a8c7ab936b28181b501a29d,0.003643750009359792,23,0,,,False
eval-zero_disturbance-2,zero_disturbance,test,A1,PASS,c3e97034e257997adfa4024aa6006e4d4901c29e3a8c7ab936b28181b501a29d,0.003144457994494587,23,0,,,True
eval-zero_disturbance-2,zero_disturbance,test,A2,PASS,c3e97034e257997adfa4024aa6006e4d4901c29e3a8c7ab936b28181b501a29d,0.005108042008941993,23,0,,,True
eval-zero_disturbance-2,zero_disturbance,test,A5,PASS,c3e97034e257997adfa4024aa6006e4d4901c29e3a8c7ab936b28181b501a29d,0.005184083012863994,23,0,,,True
eval-zero_disturbance-2,zero_disturbance,test,A3,DEFERRED_USER,c3e97034e257997adfa4024aa6006e4d4901c29e3a8c7ab936b28181b501a29d,,,,,,
eval-zero_disturbance-2,zero_disturbance,test,A4,DEFERRED_USER,c3e97034e257997adfa4024aa6006e4d4901c29e3a8c7ab936b28181b501a29d,,,,,,
eval-zero_disturbance-3,zero_disturbance,test,A0,PASS,3ab6cb483bf4fea46c1bf26180ad97863046a6f6d4fa1ac6fd8a2c49cf8036ea,0.003440750006120652,23,0,,,False
eval-zero_disturbance-3,zero_disturbance,test,A1,PASS,3ab6cb483bf4fea46c1bf26180ad97863046a6f6d4fa1ac6fd8a2c49cf8036ea,0.003142166999168694,23,0,,,True
eval-zero_disturbance-3,zero_disturbance,test,A2,PASS,3ab6cb483bf4fea46c1bf26180ad97863046a6f6d4fa1ac6fd8a2c49cf8036ea,0.0055477499845437706,23,0,,,True
eval-zero_disturbance-3,zero_disturbance,test,A5,PASS,3ab6cb483bf4fea46c1bf26180ad97863046a6f6d4fa1ac6fd8a2c49cf8036ea,0.005374667001888156,23,0,,,True
eval-zero_disturbance-3,zero_disturbance,test,A3,DEFERRED_USER,3ab6cb483bf4fea46c1bf26180ad97863046a6f6d4fa1ac6fd8a2c49cf8036ea,,,,,,
eval-zero_disturbance-3,zero_disturbance,test,A4,DEFERRED_USER,3ab6cb483bf4fea46c1bf26180ad97863046a6f6d4fa1ac6fd8a2c49cf8036ea,,,,,,
eval-candidate_noise-0,candidate_noise,test,A0,PASS,898c1269c087b9b82f413062ad1388c8b68ba31b95a241dfcaeece3e2cb57ac2,0.004418500000610948,23,1,1.0,1.0,False
eval-candidate_noise-0,candidate_noise,test,A1,PASS,898c1269c087b9b82f413062ad1388c8b68ba31b95a241dfcaeece3e2cb57ac2,0.00392566600930877,23,1,1.0,1.0,True
eval-candidate_noise-0,candidate_noise,test,A2,PASS,898c1269c087b9b82f413062ad1388c8b68ba31b95a241dfcaeece3e2cb57ac2,0.006672957999398932,23,1,1.0,1.0,True
eval-candidate_noise-0,candidate_noise,test,A5,PASS,898c1269c087b9b82f413062ad1388c8b68ba31b95a241dfcaeece3e2cb57ac2,0.00677545802318491,23,1,1.0,1.0,True
eval-candidate_noise-0,candidate_noise,test,A3,DEFERRED_USER,898c1269c087b9b82f413062ad1388c8b68ba31b95a241dfcaeece3e2cb57ac2,,,,,,
eval-candidate_noise-0,candidate_noise,test,A4,DEFERRED_USER,898c1269c087b9b82f413062ad1388c8b68ba31b95a241dfcaeece3e2cb57ac2,,,,,,
eval-candidate_noise-1,candidate_noise,test,A0,PASS,c94c0a56a04d7c72f9b5503324048239739030332e56e5a5eedbb09df8351c21,0.004381375008961186,23,1,1.0,1.0,False
eval-candidate_noise-1,candidate_noise,test,A1,PASS,c94c0a56a04d7c72f9b5503324048239739030332e56e5a5eedbb09df8351c21,0.004103833984117955,23,1,1.0,1.0,True
eval-candidate_noise-1,candidate_noise,test,A2,PASS,c94c0a56a04d7c72f9b5503324048239739030332e56e5a5eedbb09df8351c21,0.006483625009423122,23,1,1.0,1.0,True
eval-candidate_noise-1,candidate_noise,test,A5,PASS,c94c0a56a04d7c72f9b5503324048239739030332e56e5a5eedbb09df8351c21,0.006728667009156197,23,1,1.0,1.0,True
eval-candidate_noise-1,candidate_noise,test,A3,DEFERRED_USER,c94c0a56a04d7c72f9b5503324048239739030332e56e5a5eedbb09df8351c21,,,,,,
eval-candidate_noise-1,candidate_noise,test,A4,DEFERRED_USER,c94c0a56a04d7c72f9b5503324048239739030332e56e5a5eedbb09df8351c21,,,,,,
eval-candidate_noise-2,candidate_noise,test,A0,PASS,e82f4cc1a70aba27e42a852abd99561b02604c23d58a95ca4ff9921affc846e0,0.004302707995520905,23,1,1.0,1.0,False
eval-candidate_noise-2,candidate_noise,test,A1,PASS,e82f4cc1a70aba27e42a852abd99561b02604c23d58a95ca4ff9921affc846e0,0.00395129100070335,23,1,1.0,1.0,True
eval-candidate_noise-2,candidate_noise,test,A2,PASS,e82f4cc1a70aba27e42a852abd99561b02604c23d58a95ca4ff9921affc846e0,0.006426249979995191,23,1,1.0,1.0,True
eval-candidate_noise-2,candidate_noise,test,A5,PASS,e82f4cc1a70aba27e42a852abd99561b02604c23d58a95ca4ff9921affc846e0,0.0066137090034317225,23,1,1.0,1.0,True
eval-candidate_noise-2,candidate_noise,test,A3,DEFERRED_USER,e82f4cc1a70aba27e42a852abd99561b02604c23d58a95ca4ff9921affc846e0,,,,,,
eval-candidate_noise-2,candidate_noise,test,A4,DEFERRED_USER,e82f4cc1a70aba27e42a852abd99561b02604c23d58a95ca4ff9921affc846e0,,,,,,
eval-candidate_noise-3,candidate_noise,test,A0,PASS,ef062c388942fb856411068e0ef2f657838e321427f2e7cd4a2bbe6bed1fad98,0.004323082976043224,23,1,1.0,1.0,False
eval-candidate_noise-3,candidate_noise,test,A1,PASS,ef062c388942fb856411068e0ef2f657838e321427f2e7cd4a2bbe6bed1fad98,0.003955791995394975,23,1,1.0,1.0,True
eval-candidate_noise-3,candidate_noise,test,A2,PASS,ef062c388942fb856411068e0ef2f657838e321427f2e7cd4a2bbe6bed1fad98,0.006389458023477346,23,1,1.0,1.0,True
eval-candidate_noise-3,candidate_noise,test,A5,PASS,ef062c388942fb856411068e0ef2f657838e321427f2e7cd4a2bbe6bed1fad98,0.006636584002990276,23,1,1.0,1.0,True
eval-candidate_noise-3,candidate_noise,test,A3,DEFERRED_USER,ef062c388942fb856411068e0ef2f657838e321427f2e7cd4a2bbe6bed1fad98,,,,,,
eval-candidate_noise-3,candidate_noise,test,A4,DEFERRED_USER,ef062c388942fb856411068e0ef2f657838e321427f2e7cd4a2bbe6bed1fad98,,,,,,
eval-multi_relation-0,multi_relation,test,A0,PASS,e6a3b6158c6fa1b34b1a3d27f85fccd1e619536f5e5e4c5bdfe435235a5e37d0,0.004881834000116214,23,2,1.0,1.0,False
eval-multi_relation-0,multi_relation,test,A1,PASS,e6a3b6158c6fa1b34b1a3d27f85fccd1e619536f5e5e4c5bdfe435235a5e37d0,0.004495749977650121,23,2,1.0,1.0,True
eval-multi_relation-0,multi_relation,test,A2,PASS,e6a3b6158c6fa1b34b1a3d27f85fccd1e619536f5e5e4c5bdfe435235a5e37d0,0.007692208979278803,23,2,1.0,1.0,True
eval-multi_relation-0,multi_relation,test,A5,PASS,e6a3b6158c6fa1b34b1a3d27f85fccd1e619536f5e5e4c5bdfe435235a5e37d0,0.007749499985948205,23,2,1.0,1.0,True
eval-multi_relation-0,multi_relation,test,A3,DEFERRED_USER,e6a3b6158c6fa1b34b1a3d27f85fccd1e619536f5e5e4c5bdfe435235a5e37d0,,,,,,
eval-multi_relation-0,multi_relation,test,A4,DEFERRED_USER,e6a3b6158c6fa1b34b1a3d27f85fccd1e619536f5e5e4c5bdfe435235a5e37d0,,,,,,
eval-multi_relation-1,multi_relation,test,A0,PASS,5bb84c9fed27caa184fad555385b2858956a813c7f903684b8e36d24afe3cd42,0.0048849589948076755,23,2,1.0,1.0,False
eval-multi_relation-1,multi_relation,test,A1,PASS,5bb84c9fed27caa184fad555385b2858956a813c7f903684b8e36d24afe3cd42,0.004400207981234416,23,2,1.0,1.0,True
eval-multi_relation-1,multi_relation,test,A2,PASS,5bb84c9fed27caa184fad555385b2858956a813c7f903684b8e36d24afe3cd42,0.007958208996569738,23,2,1.0,1.0,True
eval-multi_relation-1,multi_relation,test,A5,PASS,5bb84c9fed27caa184fad555385b2858956a813c7f903684b8e36d24afe3cd42,0.007843291998142377,23,2,1.0,1.0,True
eval-multi_relation-1,multi_relation,test,A3,DEFERRED_USER,5bb84c9fed27caa184fad555385b2858956a813c7f903684b8e36d24afe3cd42,,,,,,
eval-multi_relation-1,multi_relation,test,A4,DEFERRED_USER,5bb84c9fed27caa184fad555385b2858956a813c7f903684b8e36d24afe3cd42,,,,,,
eval-multi_relation-2,multi_relation,test,A0,PASS,11137aae2529c05f65aaa5e0533e7a6804d68126c27eb16e0623ad1cba3623ac,0.004849457996897399,23,2,1.0,1.0,False
eval-multi_relation-2,multi_relation,test,A1,PASS,11137aae2529c05f65aaa5e0533e7a6804d68126c27eb16e0623ad1cba3623ac,0.0045809170114807785,23,2,1.0,1.0,True
eval-multi_relation-2,multi_relation,test,A2,PASS,11137aae2529c05f65aaa5e0533e7a6804d68126c27eb16e0623ad1cba3623ac,0.007685541000682861,23,2,1.0,1.0,True
eval-multi_relation-2,multi_relation,test,A5,PASS,11137aae2529c05f65aaa5e0533e7a6804d68126c27eb16e0623ad1cba3623ac,0.008091166993835941,23,2,1.0,1.0,True
eval-multi_relation-2,multi_relation,test,A3,DEFERRED_USER,11137aae2529c05f65aaa5e0533e7a6804d68126c27eb16e0623ad1cba3623ac,,,,,,
eval-multi_relation-2,multi_relation,test,A4,DEFERRED_USER,11137aae2529c05f65aaa5e0533e7a6804d68126c27eb16e0623ad1cba3623ac,,,,,,
eval-multi_relation-3,multi_relation,test,A0,PASS,dff3ea32837def4c983351e345b1e9fc8435aae62bdc8830335f847e4033f95d,0.005014333000872284,23,2,1.0,1.0,False
eval-multi_relation-3,multi_relation,test,A1,PASS,dff3ea32837def4c983351e345b1e9fc8435aae62bdc8830335f847e4033f95d,0.004772124986629933,23,2,1.0,1.0,True
eval-multi_relation-3,multi_relation,test,A2,PASS,dff3ea32837def4c983351e345b1e9fc8435aae62bdc8830335f847e4033f95d,0.007718500011833385,23,2,1.0,1.0,True
eval-multi_relation-3,multi_relation,test,A5,PASS,dff3ea32837def4c983351e345b1e9fc8435aae62bdc8830335f847e4033f95d,0.007916999980807304,23,2,1.0,1.0,True
eval-multi_relation-3,multi_relation,test,A3,DEFERRED_USER,dff3ea32837def4c983351e345b1e9fc8435aae62bdc8830335f847e4033f95d,,,,,,
eval-multi_relation-3,multi_relation,test,A4,DEFERRED_USER,dff3ea32837def4c983351e345b1e9fc8435aae62bdc8830335f847e4033f95d,,,,,,
